Bid No,Custom Item,Matched Category,Category Bid No,Why It Could Belong,Score
GEM/2026/B/7675500,"PERSONAL LAPTOP , PERSONAL MOBILE","PERSONAL LAPTOP,PERSONAL MOBILE",GEM/2026/B/7743869,"Significant keyword overlap on procurement terms: laptop, mobile, personal. The item likely falls within the scope of this standard category.",100%
GEM/2026/B/7862135,PROFILE PROJECTOR,—,—,No standard category found on GeM — potential catalogue gap,—
GEM/2026/B/7862190,5510 DEEP SEA UNIT WITH RS485 & MOD BUS CONNECTION SUITABLE FOR SYNHRONIZATION,—,—,No standard category found on GeM — potential catalogue gap,—
GEM/2026/B/7861809,aer ventillation system 1.5 ton,Aer ventillation sysytem 1.5 ton,GEM/2026/B/7647348,"Names are nearly identical — both describe the same item (aer, ton, ventillation). Could have been placed under this standard category.",98.4 / 100
GEM/2026/B/7785481,Electronic Deadweight Tester (2000 bar),—,—,No standard category found on GeM — potential catalogue gap,—
GEM/2026/B/7785041,Tube Furnace for Thermocouple Calibration,Tube Furnace,GEM/2026/B/7869001,"Significant keyword overlap on procurement terms: furnace, tube. The item likely falls within the scope of this standard category.",65%
GEM/2026/B/7744163,"Supply, Installation, Testing, Commissioning and Integration of Local Area Network (LAN)","Supply, Installation, Testing, Commissioning and Integration of Local Area Network (LAN)",GEM/2026/B/7823954,"Names are nearly identical — both describe the same item (area, commissioning, installation, integration, lan). Could have been placed under this standard category.",100.0 / 100
GEM/2026/B/7856501,"ballistic google , Tactical Knee and Elbow Pad (V2) , tactical glooves , three points sling",Tactical Knee and Elbow Pad (V2),GEM/2026/B/7823954,"Significant keyword overlap on procurement terms: elbow, knee, pad, tactical. The item likely falls within the scope of this standard category.",87%
GEM/2026/B/7800426,Vertical Pyrolyser Reactor with condensation assembly,"Wind Mill Trainer,Planetary Ball Mill,Vertical Pyrolyser Reactor with Condensation assembly",GEM/2026/B/7887662,"Significant keyword overlap on procurement terms: assembly, condensation, pyrolyser, reactor, vertical. The item likely falls within the scope of this standard category.",67%
GEM/2026/B/7866016,Steel Roofing Trough (SRT) . Steel Roofing Trough (SRT) of size 1630 x 615 x 180mm (total width 975,Steel Roofing Trough (SRT) . Steel Roofing Trough (SRT) of size 1630 x 615 x 180mm (total width 975,—,"Names are nearly identical — both describe the same item (1630, 180mm, 615, 975, roofing). Could have been placed under this standard category.",100.0 / 100
GEM/2026/B/7864162,"Delivery & Installation of Multifunction Printer (MFP) . (Monochrome A4, Print, Scan, Copy) with Thre , Delivery & Installation of Multifunction Printer (MFP) . (Color A4, Print, Scan, Copy) with Three (3) , Delivery & Installation of Multifunction Printer (MFP) . (Color A3, Print, Scan, Copy) with Three (3)","Delivery & Installation of Multifunction Printer (MFP) . (Monochrome A4, Print, Scan, Copy) with Th",GEM/2026/B/7864162,"Significant keyword overlap on procurement terms: copy, delivery, installation, mfp, monochrome. The item likely falls within the scope of this standard category.",86%
GEM/2026/B/7790180,DE-BUGGING DEVICE (SMART PHONE DETECTOR),DE-BUGGING DEVICE (SMART PHONE DETECTOR),GEM/2026/B/7790180,"Names are nearly identical — both describe the same item (bugging, detector, device, phone, smart). Could have been placed under this standard category.",100.0 / 100
GEM/2026/B/7798757,"SAFETY CARTRIDGE , NARROW V-BELT , FILTER INSERT","SAFETY CARTRIDGE,NARROW V-BELT,FILTER INSERT",GEM/2026/B/7863093,"Significant keyword overlap on procurement terms: belt, cartridge, filter, insert, narrow. The item likely falls within the scope of this standard category.",100%
GEM/2026/B/7824822,"Capillary electrophoresis device, Specifications as per Annexure A","Capillary electrophoresis device, Specifications as per Annexure A",GEM/2026/B/7824822,"Names are nearly identical — both describe the same item (annexure, capillary, device, electrophoresis, per). Could have been placed under this standard category.",100.0 / 100
GEM/2026/B/7868644,DIGITAL CHARGING BOARD FOR 3 CIRCUIT,DIGITAL CHARGING BOARD FOR 3 CIRCUIT,GEM/2026/B/7868644,"Names are nearly identical — both describe the same item (board, charging, circuit, digital). Could have been placed under this standard category.",100.0 / 100
GEM/2026/B/7869001,Screw extruder unit with tube die assembly,Screw extruder unit with tube die assembly,GEM/2026/B/7869001,"Names are nearly identical — both describe the same item (assembly, die, extruder, screw, tube). Could have been placed under this standard category.",100.0 / 100
GEM/2026/B/7631632,GREASE,GREASE,GEM/2026/B/7631632,Names are nearly identical — both describe the same item (grease). Could have been placed under this standard category.,100.0 / 100
GEM/2026/B/7867331,ACMECOAT 110 RF_ 5000001308,ACMECOAT 110 RF_ 5000001308,GEM/2026/B/7867331,"Names are nearly identical — both describe the same item (110, 5000001308, acmecoat). Could have been placed under this standard category.",100.0 / 100
GEM/2026/B/7869543,AIR CONDITIONING 22TR,AIR CONDITIONING 22TR,GEM/2026/B/7869543,"Names are nearly identical — both describe the same item (22tr, air, conditioning). Could have been placed under this standard category.",100.0 / 100
GEM/2026/B/7837470,LAUNDERCOTE_ 1000075438,LAUNDERCOTE_ 1000075438,GEM/2026/B/7837470,"Names are nearly identical — both describe the same item (1000075438, laundercote). Could have been placed under this standard category.",100.0 / 100
GEM/2026/B/7892985,3 Core× 50 sq. mm+ 1 Core× 16 sq. mm Aerial Bunched Cable,3 Core× 50 sq. mm+ 1 Core× 16 sq. mm Aerial Bunched Cable,GEM/2026/B/7823954,"Names are nearly identical — both describe the same item (aerial, bunched, cable, core). Could have been placed under this standard category.",100.0 / 100
GEM/2026/B/7881785,Commando Endurance Training Module with modular storage unit,Commando Endurance Training Module with modular storage unit,GEM/2026/B/7881785,"Names are nearly identical — both describe the same item (commando, endurance, modular, module, storage). Could have been placed under this standard category.",100.0 / 100
GEM/2026/B/7907670,HP W1520A CARTRIDGE FOR HPLT 4004dn,HP W1520A CARTRIDGE FOR HPLT 4004dn.,GEM/2026/B/7907670,"Names are nearly identical — both describe the same item (4004dn, cartridge, hplt, w1520a). Could have been placed under this standard category.",98.6 / 100
GEM/2026/B/7907903,DRIP IRRIGATION KIT,DRIP IRRIGATION KIT,GEM/2026/B/7907903,"Names are nearly identical — both describe the same item (drip, irrigation, kit). Could have been placed under this standard category.",100.0 / 100
GEM/2026/B/7907902,Ultra Sonic Activator,Ultra Sonic Activator,GEM/2026/B/7907902,"Names are nearly identical — both describe the same item (activator, sonic, ultra). Could have been placed under this standard category.",100.0 / 100
GEM/2026/B/7907805,DIGIMATIC HEIGHT GAUGE,DIGIMATIC HEIGHT GAUGE,GEM/2026/B/7907805,"Names are nearly identical — both describe the same item (digimatic, gauge, height). Could have been placed under this standard category.",100.0 / 100
GEM/2026/B/7907752,REPAIR OF MILLING MACHINE VERTICAL,REPAIR OF MILLING MACHINE VERTICAL,GEM/2026/B/7907752,"Names are nearly identical — both describe the same item (machine, milling, repair, vertical). Could have been placed under this standard category.",100.0 / 100
GEM/2026/B/7900389,Repair of Quadcopter,Repair of Quadcopter,GEM/2026/B/7900389,"Names are nearly identical — both describe the same item (quadcopter, repair). Could have been placed under this standard category.",100.0 / 100
GEM/2026/B/7908053,OBTURATION SYSTEM,OBTURATION SYSTEM,GEM/2026/B/7908053,"Names are nearly identical — both describe the same item (obturation, system). Could have been placed under this standard category.",100.0 / 100
